<?xml version="1.0" encoding="utf-8"?>
<content xml:space="preserve">
	<!-- Syntax section and code example title.  Add one for the primary ID and one for each alternate ID. -->
  <item id="devlang_J#">J#</item>
  <item id="devlang_JSharp">J#</item>
  <item id="devlang_jsh">J#</item>

	<!-- Development language metadata values.  Add one for the primary ID and one for each alternate ID.  -->
  <item id="metaLang_J#">VJ#</item>
  <item id="metaLang_JSharp">VJ#</item>
  <item id="metaLang_jsh">VJ#</item>

	<!-- J# syntax section messages -->
	<item id="UnsupportedUnsafe_JSharp">J# does not support APIs that consume or return unsafe types.</item>
	<item id="UnsupportedGeneric_JSharp">J# supports the use of generic APIs, but not the declaration of new ones.</item>
	<item id="UnsupportedOperator_JSharp">J# does not support overloaded operators.</item>
	<item id="UnsupportedStaticConstructor_JSharp">J# does not support static constructors.</item>
	<item id="UnsupportedExplicit_JSharp">J# supports the use of explicit interface implementations, but not the declaration of new ones.</item>

</content>
