<?xml version="1.0" encoding="utf-8"?>
<content xml:space="preserve">
	<!-- Translations provided by Michael Buchner -->

	<!-- Syntax section and code example title.  Add one for the primary ID and one for each alternate ID. -->
  <item id="devlang_J#">J#</item>
  <item id="devlang_JSharp">J#</item>
  <item id="devlang_jsh">J#</item>

	<!-- Development language metadata values.  Add one for the primary ID and one for each alternate ID.  -->
  <item id="metaLang_J#">VJ#</item>
  <item id="metaLang_JSharp">VJ#</item>
  <item id="metaLang_jsh">VJ#</item>

	<!-- J# syntax section messages -->
	<item id="UnsupportedUnsafe_JSharp">J# unterstützt keine APIs, die unsichere Typen akzeptieren oder zurückgeben.</item>
	<item id="UnsupportedGeneric_JSharp">J# unterstützt den Gebrauch von generischen APIs aber nicht die Deklaration von neuen APIs.</item>
	<item id="UnsupportedOperator_JSharp">J# unterstützt keine überladenen Operatoren.</item>
	<item id="UnsupportedStaticConstructor_JSharp">J# unterstützt keine statischen Konstruktoren.</item>
	<item id="UnsupportedExplicit_JSharp">J# unterstützt den Gebrauch von expliziten Schnittstellenimplementierungen aber nicht die Deklaration von neuen Schnittstellenimplementierungen.</item>

</content>
