<?xml version="1.0" encoding="utf-8"?>
<content xml:space="preserve">
	<!-- Translations provided by Michael Buchner -->

	<!-- Syntax section and code example title.  Add one for the primary ID and one for each alternate ID. -->
  <item id="devlang_Visual Basic Usage">VB Usage</item>
  <item id="devlang_VisualBasicUsage">VB Usage</item>
  <item id="devlang_vbusage">VB Usage</item>
  <item id="devlang_vbnetusage">VB Usage</item>

	<!-- Development language metadata values.  Add one for the primary ID and one for each alternate ID.  -->
  <item id="metaLang_Visual Basic Usage">VB</item>
  <item id="metaLang_VisualBasicUsage">VB</item>
  <item id="metaLang_vbusage">VB</item>
  <item id="metaLang_vbnetusage">VB</item>

	<!-- VB usage syntax section messages -->
	<item id="UnsupportedUnsafe_VisualBasicUsage">Visual Basic unterstützt keine APIs, die unsichere Typen akzeptieren oder zurückgeben.</item>
	<item id="UnsupportedOperator_VisualBasicUsage">Visual Basic unterstützt diesen Operator nicht.</item>
	<item id="UnsupportedStaticClass_VisualBasicUsage">Sie müssen keine Instanz einer statischen Klasse deklarieren, um auf seine Member zugreifen zu können.</item>
	<item id="UnsupportedVarargs_VisualBasicUsage">Visual Basic unterstützt keine Methoden mit variabler Argumentanzahl
(<span class="code">varargs</span>).  Der Compiler löst automatisch alle Aufrufe dieser Methode zur selben
Methode mit Parameter-Array auf.</item>

</content>
