﻿<?xml version="1.0" encoding="utf-8"?><EntityDescriptor ID="_58fa1665-5963-4c1c-acbd-ee8f2b4e0da8" entityID="http://localhost:20131/" xmlns="urn:oasis:names:tc:SAML:2.0:metadata"><RoleDescriptor xsi:type="fed:ApplicationServiceType" xmlns:fed="http://docs.oasis-open.org/wsfed/federation/200706" protocolSupportEnumeration="http://docs.oasis-open.org/wsfed/federation/200706" xmlns:xsi="http://www.w3.org/2001/XMLSchema-instance"><fed:TargetScopes><wsa:EndpointReference xmlns:wsa="http://www.w3.org/2005/08/addressing"><wsa:Address>http://localhost:20131/</wsa:Address></wsa:EndpointReference></fed:TargetScopes><fed:PassiveRequestorEndpoint><wsa:EndpointReference xmlns:wsa="http://www.w3.org/2005/08/addressing"><wsa:Address>http://localhost:20131/</wsa:Address></wsa:EndpointReference></fed:PassiveRequestorEndpoint></RoleDescriptor></EntityDescriptor>