﻿<?xml version="1.0" encoding="utf-8" ?>
<configuration>
	<!-- This indicates the version of Sandcastle with which this installer is associated.-->
	<sandcastle version="v2015.5.2.0" />

	<!-- Define the installer pages.  Third-party build tool and component providers can add new pages that
			 they have created to install their own products as well. -->
	<pages>
		<!-- These are the pages used by the installer.  Their order here will determine their order in the
				 installation form.  If set, the assembly attribute is the assembly containing the given type.  If
				 not set, the given installer page type is assumed to be in the same assembly as the currently
				 executing installer. -->
		<page type="Sandcastle.Installer.InstallerPages.WelcomePage" />
		<page type="Sandcastle.Installer.InstallerPages.WhatsNewPage">
			<whatsNew url="http://EWSoftware.github.io/SandcastleTools/html/1ce85143-552c-4777-874c-c8b3fa5658ed.htm"
				description="Sandcastle Tools v2015.5.2.0 Release Notes" />
			<whatsNew url="http://EWSoftware.github.io/SHFB/html/e2fcc636-0781-4232-8c7e-fb5edbe40026.htm"
				description="Sandcastle Help File Builder v2015.5.2.0 Release Notes" />
		</page>
		<page type="Sandcastle.Installer.InstallerPages.RequiredFrameworkPage" />
		<page type="Sandcastle.Installer.InstallerPages.HelpFileFormatsPage">
			<page type="Sandcastle.Installer.InstallerPages.Help1CompilerPage" />
			<page type="Sandcastle.Installer.InstallerPages.Help2CompilerPage" />
		</page>

		<!-- Sandcastle Help File Builder and Tools installer pages -->
		<page type="Sandcastle.Installer.InstallerPages.SandcastleHelpFileBuilderPage"
			frameworkVersion="4.0" shfbVersion="2015.5.2.0" installerName="SandcastleHelpFileBuilder.msi"/>
		<page type="Sandcastle.Installer.InstallerPages.SHFBVisualStudioPackagePage"
			frameworkVersion="4.0" packageGuid="c997d569-ee8e-4947-a46f-9a0717ce39a0"
			installerName="SHFBVisualStudioPackage.vsix">
			<!-- These paths can be adjusted if you installed Visual Studio in a non-standard location.  They must
					 be in version order from earliest to most recent. -->
			<visualStudio version="10.0" name="Visual Studio 2010" location="%VS100COMNTOOLS%\..\IDE" />
			<visualStudio version="11.0" name="Visual Studio 2012" location="%VS110COMNTOOLS%\..\IDE" />
			<visualStudio version="12.0" name="Visual Studio 2013" location="%VS120COMNTOOLS%\..\IDE" />
			<visualStudio version="14.0" name="Visual Studio 2015" location="%VS140COMNTOOLS%\..\IDE" />
		</page>

		<page type="Sandcastle.Installer.InstallerPages.MamlIntelliSensePage">
			<!-- These paths can be adjusted if you installed Visual Studio in a non-standard location -->
			<visualStudio version="Visual Studio 2008" location="%VS90COMNTOOLS%\..\..\Xml\Schemas" />
			<visualStudio version="Visual Studio 2010" location="%VS100COMNTOOLS%\..\..\Xml\Schemas" />
			<visualStudio version="Visual Studio 2012" location="%VS110COMNTOOLS%\..\..\Xml\Schemas" />
			<visualStudio version="Visual Studio 2013" location="%VS120COMNTOOLS%\..\..\Xml\Schemas" />
			<visualStudio version="Visual Studio 2015" location="%VS140COMNTOOLS%\..\..\Xml\Schemas" />
		</page>
		<page type="Sandcastle.Installer.InstallerPages.MamlSnippetsPage">
			<!-- These paths can be adjusted if your snippets are in a non-standard location.  Typically they are
					 in the My Documents folder. -->
			<visualStudio version="Visual Studio 2008" location="Visual Studio 2008\Code Snippets\Xml\My Xml Snippets" />
			<visualStudio version="Visual Studio 2010" location="Visual Studio 2010\Code Snippets\Xml\My Xml Snippets" />
			<visualStudio version="Visual Studio 2012" location="Visual Studio 2012\Code Snippets\Xml\My Xml Snippets" />
			<visualStudio version="Visual Studio 2013" location="Visual Studio 2013\Code Snippets\Xml\My Xml Snippets" />
			<visualStudio version="Visual Studio 2015" location="Visual Studio 2015\Code Snippets\Xml\My Xml Snippets" />
		</page>

		<page type="Sandcastle.Installer.InstallerPages.VisualStudioSpellCheckerPage" />
		<page type="Sandcastle.Installer.InstallerPages.CompletionPage" />
	</pages>
</configuration>
