<content xml:space="preserve">

	<!-- Section titles -->
	<item id="title_inThisSection">In This Section</item>
	<item id="title_buildInstructions">Compiling the Code</item>
	<item id="title_nextSteps">Next Steps</item>
	<item id="title_requirements">Requirements</item>
	<item id="title_relatedSections">Related Sections</item>
	<item id="title_relatedTopics">See Also</item>
	<item id="title_syntax">Syntax</item>
	<item id="title_parameters">Parameters</item>
	<item id="title_returnValue">Return Value</item>
	<item id="title_attributesAndElements">Attributes and Elements</item>
	<item id="title_attributes">Attributes</item>
	<item id="title_childElement">Child Elements</item>
	<item id="title_parentElement">Parent Elements</item>
	<item id="title_elementInformation">Element Information</item>
	<item id="title_textValue">Text Value</item>
	<item id="title_dotNetFrameworkEquivalent">.NET Framework Equivalent</item>
	<item id="title_prerequisites">Prerequisites</item>
	<item id="title_robustProgramming">Robust Programming</item>
	<item id="title_securitySection">Security</item>
	<item id="title_externalResources">External Resources</item>
	<item id="title_demonstrates">Demonstrates</item>
	<item id="title_appliesTo">Applies To</item>
	<item id="title_conclusion">Conclusion</item>
	<item id="title_background">Background</item>
	<item id="title_whatsNew">What's New</item>
	<item id="title_reference">Reference</item>
	<item id="title_errorMessage">Error Message</item>
	<item id="title_example">Example</item>

	<!-- AutoOutline boilerplate -->
	<item id="boilerplate_autoOutlineTopLevelIntro">This topic contains the following sections:</item>
	<item id="boilerplate_autoOutlineSubsectionIntro">This section contains the following subsections:</item>

	<!-- Resolve the autoOutline token -->
	<item id="autoOutline">
		<autoOutline />
	</item>

	<!-- Copyright notice. {0} = Copyright text, {1} = Year(s), {2} = Holder(s) -->
	<item id="boilerplate_copyrightNotice">
		<p>{0} &#169;{1}{2}. All rights reserved.</p>
	</item>

	<!-- Glossary related entries -->
	<item id="text_relatedEntries">See Also:</item>

</content>
