<content xml:space="preserve">
<!-- Translations provided by Sergey Zhurikhin -->

	<!-- main window stuff -->
	<item id="productTitle">.NET Framework Developer's Guide</item>

	<!-- body -->

	<!-- section titles -->
	<item id="title_inThisSection">В этом подразделе</item>
	<item id="title_buildInstructions">Компиляция кода</item>
	<item id="title_nextSteps">Следующие шаги</item>
	<item id="title_requirements">Требования</item>
	<item id="title_relatedSections">Связанные разделы</item>
	<item id="title_relatedTopics">См. также</item>
	<item id="title_syntax">Синтаксис</item>
	<item id="title_parameters">Параметры</item>
	<item id="title_returnValue">Возвращаемое значение</item>
  <item id="title_attributesAndElements">Атрибуты и элементы</item>
	<item id="title_attributes">Атрибуты</item>
	<item id="title_childElement">Дочерние элементы</item>
	<item id="title_parentElement">Родительские элементы</item>
	<item id="title_elementInformation">Сведения об элементе</item>
  <item id="title_textValue">Текстовое значение</item>
  <item id="title_dotNetFrameworkEquivalent">Эквивалент в платформе .NET Framework</item>
  <item id="title_prerequisites">Предварительные условия</item>
  <item id="title_robustProgramming">Отказоустойчивость</item>
	<item id="title_securitySection">Безопасность</item>
	<item id="title_externalResources">Внешние ресурсы</item>
	<item id="title_demonstrates">Демонстрация</item>
  <item id="title_appliesTo">Применимо к</item>
	<item id="title_conclusion">Выводы</item>
  <item id="title_background">Предпосылки</item>
	<item id="title_whatsNew">Что нового</item>
  <item id="title_reference">Ссылки</item>
  <item id="title_errorMessage">Сообщение об ошибке</item>
  <item id="title_example">Пример</item>

  <!-- autoOutline boilerplate -->
  <item id="boilerplate_autoOutlineTopLevelIntro">Эта тема содержит следующие разделы:</item>
	<item id="boilerplate_autoOutlineSubsectionIntro">В этом разделе содержатся следующие подразделы:</item>

  <!-- resolve the autoOutline token -->
  <item id="autoOutline">
    <autoOutline/>
  </item>

  <!-- Copyright notice. {0} = Copyright text, {1} = Year(s), {2} = Holder(s) -->
  <item id="boilerplate_copyrightNotice"><p>{0} &#169;{1}{2}. Все права защищены.</p></item>

  <!-- Glossary related entries -->
  <item id="text_relatedEntries">См. также</item>

	<!-- Legacy content -->

	<!-- values for MSHelp:Attr Name="TopicType" -->
  <item id="meta_mshelp_topicType_developerConceptualDocument">kbArticle</item>
  <item id="meta_mshelp_topicType_developerErrorMessageDocument">kbRef</item>
  <item id="meta_mshelp_topicType_developerGlossaryDocument">kbRef</item>
  <item id="meta_mshelp_topicType_developerHowToDocument">kbHowTo</item>
  <item id="meta_mshelp_topicType_developerOrientationDocument">kbOrient</item>
  <item id="meta_mshelp_topicType_developerReferenceWithSyntaxDocument">kbSyntax</item>
  <item id="meta_mshelp_topicType_developerReferenceWithoutSyntaxDocument">kbRef</item>
  <item id="meta_mshelp_topicType_developerSampleDocument">kbSampleProd</item>
  <item id="meta_mshelp_topicType_developerSDKTechnologyOverviewArchitectureDocument">kbArticle</item>
  <item id="meta_mshelp_topicType_developerSDKTechnologyOverviewCodeDirectoryDocument">kbOrient</item>
  <item id="meta_mshelp_topicType_developerSDKTechnologyOverviewOrientationDocument">kbOrient</item>
  <item id="meta_mshelp_topicType_developerSDKTechnologyOverviewScenariosDocument">kbHowTo</item>
  <item id="meta_mshelp_topicType_developerSDKTechnologyOverviewTechnologySummaryDocument">kbRef</item>
  <item id="meta_mshelp_topicType_developerTroubleshootingDocument">kbHowTo</item>
  <item id="meta_mshelp_topicType_developerUIReferenceDocument">kbRef</item>
  <item id="meta_mshelp_topicType_developerWalkthroughDocument">kbHowTo</item>
  <item id="meta_mshelp_topicType_developerWhitePaperDocument">kbArticle</item>
  <item id="meta_mshelp_topicType_developerXmlReference">kbSyntax</item>
  <item id="meta_mshelp_topicType_ManagedReference">apiref</item>

</content>
