<?xml version="1.0"?>
<doc>
    <assembly>
        <name>SignalR</name>
    </assembly>
    <members>
        <member name="T:SignalR.IConfigurationManager">
            <summary>
            Provides access to server configuration.
            </summary>
        </member>
        <member name="P:SignalR.IConfigurationManager.ConnectionTimeout">
            <summary>
            Gets of sets a <see cref="T:System.TimeSpan"/> representing the amount of time to leave a connection open before timing out.
            </summary>
        </member>
        <member name="P:SignalR.IConfigurationManager.DisconnectTimeout">
            <summary>
            Gets of sets a <see cref="T:System.TimeSpan"/> representing the amount of time to wait after a connection goes away before raising the disconnect event.
            </summary>
        </member>
        <member name="P:SignalR.IConfigurationManager.HeartBeatInterval">
            <summary>
            Gets of sets a <see cref="T:System.TimeSpan"/> representing the interval for checking the state of a connection. 
            </summary>
        </member>
        <member name="P:SignalR.IConfigurationManager.KeepAlive">
            <summary>
            Gets of sets a <see cref="T:System.TimeSpan"/> representing the amount of time to wait before sending a keep alive packet over an idle connection. Set to null to disable keep alive.
            </summary>
        </member>
        <member name="T:SignalR.ConnectionManager">
            <summary>
            Default <see cref="T:SignalR.IConnectionManager"/> implementation.
            </summary>
        </member>
        <member name="T:SignalR.IConnectionManager">
            <summary>
            Provides access to hubs and persistent connections references.
            </summary>
        </member>
        <member name="M:SignalR.IConnectionManager.GetHubContext``1">
            <summary>
            Returns a <see cref="T:SignalR.Hubs.IHubContext"/> for the specified <see cref="T:SignalR.Hubs.IHub"/>.
            </summary>
            <typeparam name="T">Type of the <see cref="T:SignalR.Hubs.IHub"/></typeparam>
            <returns>a <see cref="T:SignalR.Hubs.IHubContext"/> for the specified <see cref="T:SignalR.Hubs.IHub"/></returns>
        </member>
        <member name="M:SignalR.IConnectionManager.GetHubContext(System.String)">
            <summary>
            Returns a <see cref="T:SignalR.Hubs.IHubContext"/>for the specified hub.
            </summary>
            <param name="hubName">Name of the hub</param>
            <returns>a <see cref="T:SignalR.Hubs.IHubContext"/> for the specified hub</returns>
        </member>
        <member name="M:SignalR.IConnectionManager.GetConnectionContext``1">
            <summary>
            Returns a <see cref="T:SignalR.IPersistentConnectionContext"/> for the <see cref="T:SignalR.PersistentConnection"/>.
            </summary>
            <typeparam name="T">Type of the <see cref="T:SignalR.PersistentConnection"/></typeparam>
            <returns>A <see cref="T:SignalR.IPersistentConnectionContext"/> for the <see cref="T:SignalR.PersistentConnection"/>.</returns>
        </member>
        <member name="M:SignalR.ConnectionManager.#ctor(SignalR.IDependencyResolver)">
            <summary>
            Initializes a new instance of the <see cref="T:SignalR.ConnectionManager"/> class.
            </summary>
            <param name="resolver">The <see cref="T:SignalR.IDependencyResolver"/>.</param>
        </member>
        <member name="M:SignalR.ConnectionManager.GetConnectionContext``1">
            <summary>
            Returns a <see cref="T:SignalR.IPersistentConnectionContext"/> for the <see cref="T:SignalR.PersistentConnection"/>.
            </summary>
            <typeparam name="T">Type of the <see cref="T:SignalR.PersistentConnection"/></typeparam>
            <returns>A <see cref="T:SignalR.IPersistentConnectionContext"/> for the <see cref="T:SignalR.PersistentConnection"/>.</returns>
        </member>
        <member name="M:SignalR.ConnectionManager.GetConnection(System.Type)">
            <summary>
            Returns a <see cref="T:SignalR.IPersistentConnectionContext"/> for the <see cref="T:SignalR.PersistentConnection"/>.
            </summary>
            <param name="type">Type of the <see cref="T:SignalR.PersistentConnection"/></param>
            <returns>A <see cref="T:SignalR.IPersistentConnectionContext"/> for the <see cref="T:SignalR.PersistentConnection"/>.</returns>
        </member>
        <member name="M:SignalR.ConnectionManager.GetHubContext``1">
            <summary>
            Returns a <see cref="T:SignalR.Hubs.IHubContext"/> for the specified <see cref="T:SignalR.Hubs.IHub"/>.
            </summary>
            <typeparam name="T">Type of the <see cref="T:SignalR.Hubs.IHub"/></typeparam>
            <returns>a <see cref="T:SignalR.Hubs.IHubContext"/> for the specified <see cref="T:SignalR.Hubs.IHub"/></returns>
        </member>
        <member name="M:SignalR.ConnectionManager.GetHubContext(System.String)">
            <summary>
            Returns a <see cref="T:SignalR.Hubs.IHubContext"/>for the specified hub.
            </summary>
            <param name="hubName">Name of the hub</param>
            <returns>a <see cref="T:SignalR.Hubs.IHubContext"/> for the specified hub</returns>
        </member>
        <member name="F:SignalR.Hosting.HostConstants.DebugMode">
            <summary>
            The host should set this if they need to enable debug mode
            </summary>
        </member>
        <member name="F:SignalR.Hosting.HostConstants.SupportsWebSockets">
            <summary>
            The host should set this is web sockets can be supported
            </summary>
        </member>
        <member name="F:SignalR.Hosting.HostConstants.WebSocketServerUrl">
            <summary>
            The host should set this if the web socket url is different
            </summary>
        </member>
        <member name="T:SignalR.Hosting.IWebSocket">
            <summary>
            Represents a web socket
            </summary>
        </member>
        <member name="M:SignalR.Hosting.IWebSocket.Send(System.String)">
            <summary>
            Sends data over the websocket.
            </summary>
            <param name="value">The value to send.</param>
            <returns>A <see cref="T:System.Threading.Tasks.Task"/> that represents the send is complete.</returns>
        </member>
        <member name="P:SignalR.Hosting.IWebSocket.OnMessage">
            <summary>
            Invoked when data is sent over the websocket
            </summary>
        </member>
        <member name="P:SignalR.Hosting.IWebSocket.OnClose">
            <summary>
            Invoked when the websocket closes
            </summary>
        </member>
        <member name="P:SignalR.Hosting.IWebSocket.OnError">
            <summary>
            Invoked when there is an error
            </summary>
        </member>
        <member name="T:SignalR.Hubs.IHubContext">
            <summary>
            Provides access to information about a <see cref="T:SignalR.Hubs.IHub"/>.
            </summary>
        </member>
        <member name="P:SignalR.Hubs.IHubContext.Clients">
            <summary>
            Gets a dynamic object that represents all clients connected to the hub.
            </summary>
        </member>
        <member name="P:SignalR.Hubs.IHubContext.Groups">
            <summary>
            Gets the <see cref="T:SignalR.IGroupManager"/> the hub.
            </summary>
        </member>
        <member name="T:SignalR.Hubs.IHubRequestParser">
            <summary>
            Handles parsing incoming requests through the <see cref="T:SignalR.Hubs.HubDispatcher"/>.
            </summary>
        </member>
        <member name="M:SignalR.Hubs.IHubRequestParser.Parse(System.String)">
            <summary>
            Parses the incoming hub payload into a <see cref="T:SignalR.Hubs.HubRequest"/>.
            </summary>
            <param name="data">The raw hub payload.</param>
            <returns>The resulting <see cref="T:SignalR.Hubs.HubRequest"/>.</returns>
        </member>
        <member name="T:SignalR.Hubs.HubResponse">
            <summary>
            The response returned from an incoming hub request.
            </summary>
        </member>
        <member name="P:SignalR.Hubs.HubResponse.State">
            <summary>
            The changes made the the round tripped state.
            </summary>
        </member>
        <member name="P:SignalR.Hubs.HubResponse.Result">
            <summary>
            The result of the invocation.
            </summary>
        </member>
        <member name="P:SignalR.Hubs.HubResponse.Id">
            <summary>
            The id of the operation.
            </summary>
        </member>
        <member name="P:SignalR.Hubs.HubResponse.Error">
            <summary>
            The exception that occurs as a result of invoking the hub method.
            </summary>
        </member>
        <member name="P:SignalR.Hubs.HubResponse.StackTrace">
            <summary>
            The stack trace of the exception that occurs as a result of invoking the hub method.
            </summary>
        </member>
        <member name="T:SignalR.IJsonValue">
            <summary>
            Represents a JSON value.
            </summary>
        </member>
        <member name="M:SignalR.IJsonValue.ConvertTo(System.Type)">
            <summary>
            Converts the parameter value to the specified <see cref="T:System.Type"/>.
            </summary>
            <param name="type">The <see cref="T:System.Type"/> to convert the parameter to.</param>
            <returns>The converted parameter value.</returns>
        </member>
        <member name="M:SignalR.IJsonValue.CanConvertTo(System.Type)">
            <summary>
            Determines if the parameter can be converted to the specified <see cref="T:System.Type"/>.
            </summary>
            <param name="type">The <see cref="T:System.Type"/> to check.</param>
            <returns>True if the parameter can be converted to the specified <see cref="T:System.Type"/>, false otherwise.</returns>
        </member>
        <member name="T:SignalR.JTokenValue">
            <summary>
            An implementation of IJsonValue over JSON.NET
            </summary>
        </member>
        <member name="T:SignalR.Hubs.IParameterResolver">
            <summary>
            Describes a parameter resolver for resolving parameter-matching values based on provided information.
            </summary>
        </member>
        <member name="M:SignalR.Hubs.IParameterResolver.ResolveMethodParameters(SignalR.Hubs.MethodDescriptor,SignalR.IJsonValue[])">
            <summary>
            Resolves method parameter values based on provided objects.
            </summary>
            <param name="method">Method descriptor.</param>
            <param name="values">List of values to resolve parameter values from.</param>
            <returns>Array of parameter values.</returns>
        </member>
        <member name="M:SignalR.Hubs.DefaultParameterResolver.ResolveParameter(SignalR.Hubs.ParameterDescriptor,SignalR.IJsonValue)">
            <summary>
            Resolves a parameter value based on the provided object.
            </summary>
            <param name="descriptor">Parameter descriptor.</param>
            <param name="value">Value to resolve the parameter value from.</param>
            <returns>The parameter value.</returns>
        </member>
        <member name="M:SignalR.Hubs.DefaultParameterResolver.ResolveMethodParameters(SignalR.Hubs.MethodDescriptor,SignalR.IJsonValue[])">
            <summary>
            Resolves method parameter values based on provided objects.
            </summary>
            <param name="method">Method descriptor.</param>
            <param name="values">List of values to resolve parameter values from.</param>
            <returns>Array of parameter values.</returns>
        </member>
        <member name="T:SignalR.Hubs.ParameterDescriptor">
            <summary>
            Holds information about a single hub method parameter.
            </summary>
        </member>
        <member name="P:SignalR.Hubs.ParameterDescriptor.Name">
            <summary>
            Parameter name.
            </summary>
        </member>
        <member name="P:SignalR.Hubs.ParameterDescriptor.Type">
            <summary>
            Parameter type.
            </summary>
        </member>
        <member name="T:SignalR.Hubs.IMethodDescriptorProvider">
            <summary>
            Describes a hub method provider that builds a collection of available methods on a given hub.
            </summary>
        </member>
        <member name="M:SignalR.Hubs.IMethodDescriptorProvider.GetMethods(SignalR.Hubs.HubDescriptor)">
            <summary>
            Retrieve all methods on a given hub.
            </summary>
            <param name="hub">Hub descriptor object.</param>
            <returns>Available methods.</returns>
        </member>
        <member name="M:SignalR.Hubs.IMethodDescriptorProvider.TryGetMethod(SignalR.Hubs.HubDescriptor,System.String,SignalR.Hubs.MethodDescriptor@,SignalR.IJsonValue[])">
            <summary>
            Tries to retrieve a method.
            </summary>
            <param name="hub">Hub descriptor object</param>
            <param name="method">Name of the method.</param>
            <param name="descriptor">Descriptor of the method, if found. Null otherwise.</param>
            <param name="parameters">Method parameters to match.</param>
            <returns>True, if a method has been found.</returns>
        </member>
        <member name="M:SignalR.Hubs.ReflectedMethodDescriptorProvider.FetchMethodsFor(SignalR.Hubs.HubDescriptor)">
            <summary>
            Retrieves an existing dictionary of all available methods for a given hub from cache.
            If cache entry does not exist - it is created automatically by BuildMethodCacheFor.
            </summary>
            <param name="hub"></param>
            <returns></returns>
        </member>
        <member name="M:SignalR.Hubs.ReflectedMethodDescriptorProvider.BuildMethodCacheFor(SignalR.Hubs.HubDescriptor)">
            <summary>
            Builds a dictionary of all possible methods on a given hub.
            Single entry contains a collection of available overloads for a given method name (key).
            This dictionary is being cached afterwards.
            </summary>
            <param name="hub">Hub to build cache for</param>
            <returns>Dictionary of available methods</returns>
        </member>
        <member name="M:SignalR.Hubs.ReflectedMethodDescriptorProvider.TryGetMethod(SignalR.Hubs.HubDescriptor,System.String,SignalR.Hubs.MethodDescriptor@,SignalR.IJsonValue[])">
            <summary>
            Searches the specified <paramref name="hub">Hub</paramref> for the specified <paramref name="method"/>.
            </summary>
            <remarks>
            In the case that there are multiple overloads of the specified <paramref name="method"/>, the <paramref name="parameter">parameter set</paramref> helps determine exactly which instance of the overload should be resolved. 
            If there are multiple overloads found with the same number of matching paramters, none of the methods will be returned because it is not possible to determine which overload of the method was intended to be resolved.
            </remarks>
            <param name="hub">Hub to search for the specified <paramref name="method"/> on.</param>
            <param name="method">The method name to search for.</param>
            <param name="descriptor">If successful, the <see cref="T:SignalR.Hubs.MethodDescriptor"/> that was resolved.</param>
            <param name="parameters">The set of parameters that will be used to help locate a specific overload of the specified <paramref name="method"/>.</param>
            <returns>True if the method matching the name/parameter set is found on the hub, otherwise false.</returns>
        </member>
        <member name="T:SignalR.Hubs.HubDescriptor">
            <summary>
            Holds information about a single hub.
            </summary>
        </member>
        <member name="P:SignalR.Hubs.HubDescriptor.Name">
            <summary>
            Hub name.
            </summary>
        </member>
        <member name="P:SignalR.Hubs.HubDescriptor.Type">
            <summary>
            Hub type.
            </summary>
        </member>
        <member name="T:SignalR.Hubs.IHubManager">
            <summary>
            Describes a hub manager - main point in the whole hub and method lookup process.
            </summary>
        </member>
        <member name="M:SignalR.Hubs.IHubManager.GetHub(System.String)">
            <summary>
            Retrieves a single hub descriptor.
            </summary>
            <param name="hubName">Name of the hub.</param>
            <returns>Hub descriptor, if found. Null, otherwise.</returns>
        </member>
        <member name="M:SignalR.Hubs.IHubManager.GetHubs(System.Func{SignalR.Hubs.HubDescriptor,System.Boolean})">
            <summary>
            Retrieves all available hubs.
            </summary>
            <returns>List of hub descriptors.</returns>
        </member>
        <member name="M:SignalR.Hubs.IHubManager.ResolveHub(System.String)">
            <summary>
            Resolves a given hub name to a concrete object.
            </summary>
            <param name="hubName">Name of the hub.</param>
            <returns>Hub implementation instance, if found. Null otherwise.</returns>
        </member>
        <member name="M:SignalR.Hubs.IHubManager.ResolveHubs">
            <summary>
            Resolves all available hubs to their concrete objects.
            </summary>
            <returns>List of hub instances.</returns>
        </member>
        <member name="M:SignalR.Hubs.IHubManager.GetHubMethod(System.String,System.String,SignalR.IJsonValue[])">
            <summary>
            Retrieves a method with a given name on a given hub.
            </summary>
            <param name="hubName">Name of the hub.</param>
            <param name="method">Name of the method to find.</param>
            <param name="parameters">Method parameters to match.</param>
            <returns>Descriptor of the method, if found. Null otherwise.</returns>
        </member>
        <member name="M:SignalR.Hubs.IHubManager.GetHubMethods(System.String,System.Func{SignalR.Hubs.MethodDescriptor,System.Boolean})">
            <summary>
            Gets all methods available to call on a given hub.
            </summary>
            <param name="hubName">Name of the hub,</param>
            <param name="predicate">Optional predicate for filtering results.</param>
            <returns>List of available methods.</returns>
        </member>
        <member name="T:SignalR.Hubs.IConnected">
            <summary>
            Enables connect and reconenct notificatins for a <see cref="T:SignalR.Hubs.IHub"/>
            </summary>
            <example>
            public class MyHub : Hub, IConnected
            {
                public Task Connect()
                {
                    return Clients.notifyClient("new connection established for "+ Context.ConnectionId);
                }
                
                public Task Reconnect(IEnumerable{string} groups)
                {
                    return Clients.notifyClient("connection re-established for "+ Context.ConnectionId);
                }
            }
            </example>
        </member>
        <member name="M:SignalR.Hubs.IConnected.Connect">
            <summary>
            Called when a new connection is made to the <see cref="T:SignalR.Hubs.IHub"/>.
            </summary>
        </member>
        <member name="M:SignalR.Hubs.IConnected.Reconnect(System.Collections.Generic.IEnumerable{System.String})">
            <summary>
            Called when a connection reconencts to the <see cref="T:SignalR.Hubs.IHub"/> after a timeout.
            </summary>
            <param name="groups">The groups the connection are a member of.</param>
        </member>
        <member name="T:SignalR.Infrastructure.IServerIdManager">
            <summary>
            Generates a server id
            </summary>
        </member>
        <member name="P:SignalR.Infrastructure.IServerIdManager.ServerId">
            <summary>
            The id of the server.
            </summary>
        </member>
        <member name="T:SignalR.Infrastructure.ServerIdManager">
            <summary>
            Default <see cref="T:SignalR.Infrastructure.IServerIdManager"/> implementation.
            </summary>
        </member>
        <member name="P:SignalR.Infrastructure.ServerIdManager.ServerId">
            <summary>
            The id of the server.
            </summary>
        </member>
        <member name="T:SignalR.IPersistentConnectionContext">
            <summary>
            Provides access to information about a <see cref="T:SignalR.PersistentConnection"/>.
            </summary>
        </member>
        <member name="P:SignalR.IPersistentConnectionContext.Connection">
            <summary>
            Gets the <see cref="T:SignalR.IConnection"/> for the <see cref="T:SignalR.PersistentConnection"/>.
            </summary>
        </member>
        <member name="P:SignalR.IPersistentConnectionContext.Groups">
            <summary>
            Gets the <see cref="T:SignalR.IGroupManager"/> for the <see cref="T:SignalR.PersistentConnection"/>.
            </summary>
        </member>
        <member name="T:SignalR.Infrastructure.IServerCommandHandler">
            <summary>
            Handles commands from server to server.
            </summary>
        </member>
        <member name="M:SignalR.Infrastructure.IServerCommandHandler.SendCommand(SignalR.Infrastructure.ServerCommand)">
            <summary>
            Sends a command to all connected servers.
            </summary>
            <param name="command"></param>
            <returns></returns>
        </member>
        <member name="P:SignalR.Infrastructure.IServerCommandHandler.Command">
            <summary>
            Gets or sets a callback that is invoked when a command is received.
            </summary>
        </member>
        <member name="T:SignalR.MessageResult">
            <summary>
            Represents a result of 
            </summary>
        </member>
        <member name="M:SignalR.MessageResult.#ctor(System.String,System.Boolean)">
            <summary>
            Initializes a new instance of the <see cref="T:SignalR.MessageResult"/> struc.
            </summary>
            <param name="lastMessageId">Gets a cursor representing the caller state.</param>
            <param name="timedOut">A value indicating whether this result represents a timeout or not.</param>
        </member>
        <member name="M:SignalR.MessageResult.#ctor(System.Collections.Generic.IList{SignalR.Message},System.String)">
            <summary>
            Initializes a new instance of the <see cref="T:SignalR.MessageResult"/> struc.
            </summary>
            <param name="messages">The list of messages associated with this <see cref="T:SignalR.MessageResult"/>.</param>
            <param name="lastMessageId">Gets a cursor representing the caller state.</param>
        </member>
        <member name="P:SignalR.MessageResult.Messages">
            <summary>
            Gets an <see cref="T:System.Collections.Generic.IList`1"/> associated with the result.
            </summary>
        </member>
        <member name="P:SignalR.MessageResult.LastMessageId">
            <summary>
            Gets a cursor representing the caller state.
            </summary>
        </member>
        <member name="P:SignalR.MessageResult.TimedOut">
            <summary>
            Gets or sets a value indicating whether this result represents a timeout or not.
            </summary>
        </member>
        <member name="T:SignalR.WrappedValue">
            <summary>
            All values saved to the messages store are wrapped by this type.
            If a store needs to save values in a serializable way then it just needs to call
            ToString() and we'll unwrap it when it comes back (if needed).
            </summary>
        </member>
        <member name="T:SignalR.PersistentConnectionFactory">
            <summary>
            Responsible for creating <see cref="T:SignalR.PersistentConnection"/> instances.
            </summary>
        </member>
        <member name="M:SignalR.PersistentConnectionFactory.#ctor(SignalR.IDependencyResolver)">
            <summary>
            Creates a new instance of the <see cref="T:SignalR.PersistentConnectionFactory"/> class.
            </summary>
            <param name="resolver">The dependency resolver to use for when creating the <see cref="T:SignalR.PersistentConnection"/>.</param>
        </member>
        <member name="M:SignalR.PersistentConnectionFactory.CreateInstance(System.Type)">
            <summary>
            Creates an instance of the specified type using the dependency resolver or the type's default constructor.
            </summary>
            <param name="connectionType">The type of <see cref="T:SignalR.PersistentConnection"/> to create.</param>
            <returns>An instance of a <see cref="T:SignalR.PersistentConnection"/>. </returns>
        </member>
        <member name="T:SignalR.GuidConnectionIdGenerator">
            <summary>
            The default connection id generator.
            </summary>
        </member>
        <member name="T:SignalR.IConnectionIdGenerator">
            <summary>
            Used to generate connection ids.
            </summary>
        </member>
        <member name="M:SignalR.IConnectionIdGenerator.GenerateConnectionId(SignalR.Hosting.IRequest)">
            <summary>
            Creates a connection id for the current request.
            </summary>
            <param name="request">The <see cref="T:SignalR.Hosting.IRequest"/>.</param>
            <returns>A connection id</returns>
        </member>
        <member name="M:SignalR.GuidConnectionIdGenerator.GenerateConnectionId(SignalR.Hosting.IRequest)">
            <summary>
            Generates a random guid as the connection id.
            </summary>
            <param name="request">The <see cref="T:SignalR.Hosting.IRequest"/>.</param>
            <returns>A guid that represents a connection id.</returns>
        </member>
        <member name="T:SignalR.Hubs.MethodDescriptor">
            <summary>
            Holds information about a single hub method.
            </summary>
        </member>
        <member name="P:SignalR.Hubs.MethodDescriptor.Name">
            <summary>
            Name of this method.
            </summary>
        </member>
        <member name="P:SignalR.Hubs.MethodDescriptor.ReturnType">
            <summary>
            The return type of this method.
            </summary>
        </member>
        <member name="P:SignalR.Hubs.MethodDescriptor.Hub">
            <summary>
            Hub descriptor object, target to his method.
            </summary>
        </member>
        <member name="P:SignalR.Hubs.MethodDescriptor.Parameters">
            <summary>
            Available method parameters.
            </summary>
        </member>
        <member name="P:SignalR.Hubs.MethodDescriptor.Invoker">
            <summary>
            Method invocation delegate.
            Takes a target hub and an array of invocation arguments as it's arguments.
            </summary>
        </member>
        <member name="T:SignalR.Hubs.IDisconnect">
            <summary>
            Enables disconnect notificatins for a <see cref="T:SignalR.Hubs.IHub"/>
            </summary>
            <example>
            public class MyHub : Hub, IDisconnect
            {
                public Task Disconnect()
                {
                    // Tell everyone this connection is gone
                    return Clients.notifyLeave(Context.ConnectionId);
                }
            }
            </example>
        </member>
        <member name="M:SignalR.Hubs.IDisconnect.Disconnect">
            <summary>
            Called when a connection is disconnected from the <see cref="T:SignalR.Hubs.IHub"/>.
            </summary>
            <remarks>
            This method is invoked from the server side which means the only valid property on the <see cref="T:SignalR.Hubs.HubCallerContext"/>
            is the connection id.
            </remarks>
        </member>
        <member name="P:SignalR.Hubs.IHub.Caller">
            <summary>
            Gets a dynamic object that represents the calling client.
            </summary>
        </member>
        <member name="P:SignalR.Hubs.IHub.Context">
            <summary>
            Gets a <see cref="T:SignalR.Hubs.HubCallerContext"/>. Which contains information about the calling client.
            </summary>
        </member>
        <member name="P:SignalR.Hubs.IHub.Clients">
            <summary>
            Gets a dynamic object that represents all clients connected to this hub (not hub instance).
            </summary>
        </member>
        <member name="P:SignalR.Hubs.IHub.Groups">
            <summary>
            Gets the <see cref="T:SignalR.IGroupManager"/> the hub instance.
            </summary>
        </member>
        <member name="T:SignalR.IJsonSerializer">
            <summary>
            Used to serialize and deserialze outgoing/incoming data.
            </summary>
        </member>
        <member name="M:SignalR.IJsonSerializer.Stringify(System.Object)">
            <summary>
            Serializes the specified object to a JSON string.
            </summary>
            <param name="value">The object to serailize.</param>
            <returns>A JSON string representation of the object.</returns>
        </member>
        <member name="M:SignalR.IJsonSerializer.Parse(System.String)">
            <summary>
            Deserializes the JSON to a .NET object.
            </summary>
            <param name="json">The JSON to deserialize.</param>
            <returns>The deserialized object from the JSON string.</returns>
        </member>
        <member name="M:SignalR.IJsonSerializer.Parse(System.String,System.Type)">
            <summary>
            Deserializes the JSON to a .NET object.
            </summary>
            <param name="json">The JSON to deserialize.</param>
            <param name="targetType">The <see cref="T:System.Type"/> of object being deserialized.</param>
            <returns>The deserialized object from the JSON string.</returns>
        </member>
        <member name="M:SignalR.IJsonSerializer.Parse``1(System.String)">
            <summary>
            Deserializes the JSON to a .NET object.
            </summary>
            <typeparam name="T">The <see cref="T:System.Type"/> of object being deserialized.</typeparam>
            <param name="json">The JSON to deserialize</param>
            <returns>The deserialized object from the JSON string.</returns>
        </member>
        <member name="T:SignalR.IMessageBus">
            <summary>
            Handles communication across SignalR connections.
            </summary>
        </member>
        <member name="M:SignalR.IMessageBus.GetMessages(System.Collections.Generic.IEnumerable{System.String},System.String,System.Threading.CancellationToken)">
            <summary>
            Returns a list of messages after the specified cursor or waits for new messages until the timeout is fired if there's no messages.
            </summary>
            <param name="eventKeys">A list of events to wait for messages.</param>
            <param name="cursor">A cursor representing how much data the caller has already seen.</param>
            <param name="timeoutToken">A <see cref="T:System.Threading.CancellationToken"/> that represents the timeout of the wait operation when there's no messages.</param>
            <returns>A <see cref="T:System.Threading.Tasks.Task`1"/> that completes when data is received on the <see cref="T:SignalR.IMessageBus"/>.</returns>
        </member>
        <member name="M:SignalR.IMessageBus.Send(System.String,System.String,System.Object)">
            <summary>
            Sends a new message to the specified event on the bus.
            </summary>
            <param name="source">A value representing the source of the data sent.</param>
            <param name="eventKey">The specific event key to send data to.</param>
            <param name="value">The value to send.</param>
            <returns>A <see cref="T:System.Threading.Tasks.Task"/> that completes when the send is complete.</returns>
        </member>
        <member name="M:SignalR.Hosting.RequestExtensions.QueryStringOrForm(SignalR.Hosting.IRequest,System.String)">
            <summary>
            Gets a value from the QueryString, and if it's null or empty, gets it from the Form instead.
            </summary>
        </member>
        <member name="T:SignalR.IGroupManager">
            <summary>
            Manages groups for a connection.
            </summary>
        </member>
        <member name="M:SignalR.IGroupManager.Send(System.String,System.Object)">
            <summary>
            Sends a value to the specified group.
            </summary>
            <param name="groupName">The name of the group.</param>
            <param name="value">The value to send.</param>
            <returns>A task that represents when send is complete.</returns>
        </member>
        <member name="M:SignalR.IGroupManager.Add(System.String,System.String)">
            <summary>
            Adds a connection to the specified group. 
            </summary>
            <param name="connectionId">The connection id to add to the group.</param>
            <param name="groupName">The name of the group</param>
            <returns>A task that represents the connection id being added to the group.</returns>
        </member>
        <member name="M:SignalR.IGroupManager.Remove(System.String,System.String)">
            <summary>
            Removes a connection from the specified group.
            </summary>
            <param name="connectionId">The connection id to remove from the group.</param>
            <param name="groupName">The name of the group</param>
            <returns>A task that represents the connection id being removed from the group.</returns>
        </member>
        <member name="T:SignalR.Hubs.IHubDescriptorProvider">
            <summary>
            Describes hub descriptor provider, which provides information about available hubs.
            </summary>
        </member>
        <member name="M:SignalR.Hubs.IHubDescriptorProvider.GetHubs">
            <summary>
            Retrieve all avaiable hubs.
            </summary>
            <returns>Collection of hub descriptors.</returns>
        </member>
        <member name="M:SignalR.Hubs.IHubDescriptorProvider.TryGetHub(System.String,SignalR.Hubs.HubDescriptor@)">
            <summary>
            Tries to retrieve hub with a given name.
            </summary>
            <param name="hubName">Name of the hub.</param>
            <param name="descriptor">Retrieved descriptor object.</param>
            <returns>True, if hub has been found</returns>
        </member>
        <member name="T:SignalR.Hubs.Hub">
            <summary>
            Provides methods that communicate with SignalR connections that connected to a <see cref="T:SignalR.Hubs.Hub"/>.
            </summary>
        </member>
        <member name="P:SignalR.Hubs.Hub.Clients">
            <summary>
            A dynamic object that represents all clients connected to this hub (not hub instance).
            </summary>
        </member>
        <member name="P:SignalR.Hubs.Hub.Caller">
            <summary>
            A dynamic object that represents the calling client.
            </summary>
        </member>
        <member name="P:SignalR.Hubs.Hub.Context">
            <summary>
            Provides information about the calling client.
            </summary>
        </member>
        <member name="P:SignalR.Hubs.Hub.Groups">
            <summary>
            The group manager for this hub instance.
            </summary>
        </member>
        <member name="P:SignalR.Hubs.HubCallerContext.ConnectionId">
            <summary>
            Gets the connection id of the calling client.
            </summary>
        </member>
        <member name="P:SignalR.Hubs.HubCallerContext.RequestCookies">
            <summary>
            Gets the cookies for the request
            </summary>
        </member>
        <member name="P:SignalR.Hubs.HubCallerContext.Headers">
            <summary>
            Gets the headers for the request
            </summary>
        </member>
        <member name="P:SignalR.Hubs.HubCallerContext.QueryString">
            <summary>
            Gets the querystring for the request
            </summary>
        </member>
        <member name="T:SignalR.Hubs.HubDispatcher">
            <summary>
            Handles all communication over the hubs persistent connection.
            </summary>
        </member>
        <member name="T:SignalR.PersistentConnection">
            <summary>
            Represents a connection between client and server.
            </summary>
        </member>
        <member name="M:SignalR.PersistentConnection.ProcessRequestAsync(SignalR.Hosting.HostContext)">
            <summary>
            Handles all requests for <see cref="T:SignalR.PersistentConnection"/>s.
            </summary>
            <param name="context">The <see cref="T:SignalR.Hosting.HostContext"/> for the current request.</param>
            <returns>A <see cref="T:System.Threading.Tasks.Task"/> that completes when the <see cref="T:SignalR.PersistentConnection"/> pipeline is complete.</returns>
            <exception cref="T:System.InvalidOperationException">
            Thrown if connection wasn't initialized.
            Thrown if the transport wasn't specified.
            Thrown if the connection id wasn't specified.
            </exception>
        </member>
        <member name="M:SignalR.PersistentConnection.GetDefaultSignals(System.String)">
            <summary>
            Returns the default signals for the <see cref="T:SignalR.PersistentConnection"/>.
            </summary>
            <param name="connectionId">The id of the incoming connection.</param>
            <returns>The default signals for this <see cref="T:SignalR.PersistentConnection"/>.</returns>
        </member>
        <member name="M:SignalR.PersistentConnection.OnConnectedAsync(SignalR.Hosting.IRequest,System.String)">
            <summary>
            Called when a new connection is made.
            </summary>
            <param name="request">The <see cref="T:SignalR.Hosting.IRequest"/> for the current connection.</param>
            <param name="connectionId">The id of the connecting client.</param>
            <returns>A <see cref="T:System.Threading.Tasks.Task"/> that completes when the connect operation is complete.</returns>
        </member>
        <member name="M:SignalR.PersistentConnection.OnReconnectedAsync(SignalR.Hosting.IRequest,System.Collections.Generic.IEnumerable{System.String},System.String)">
            <summary>
            Called when a connection reconnects after a timeout.
            </summary>
            <param name="request">The <see cref="T:SignalR.Hosting.IRequest"/> for the current connection.</param>
            <param name="groups">The groups the calling connection is a part of.</param>
            <param name="connectionId">The id of the re-connecting client.</param>
            <returns>A <see cref="T:System.Threading.Tasks.Task"/> that completes when the re-connect operation is complete.</returns>
        </member>
        <member name="M:SignalR.PersistentConnection.OnReceivedAsync(SignalR.Hosting.IRequest,System.String,System.String)">
            <summary>
            Called when data is received from a connection.
            </summary>
            <param name="request">The <see cref="T:SignalR.Hosting.IRequest"/> for the current connection.</param>
            <param name="connectionId">The id of the connection sending the data.</param>
            <param name="data">The payload sent to the connection.</param>
            <returns>A <see cref="T:System.Threading.Tasks.Task"/> that completes when the receive operation is complete.</returns>
        </member>
        <member name="M:SignalR.PersistentConnection.OnDisconnectAsync(System.String)">
            <summary>
            Called when a connection disconnects.
            </summary>
            <param name="connectionId">The id of the disconnected connection.</param>
            <returns>A <see cref="T:System.Threading.Tasks.Task"/> that completes when the disconnect operation is complete.</returns>
        </member>
        <member name="M:SignalR.PersistentConnection.OnErrorAsync(System.Exception)">
            <summary>
            Called when there's an error on the connection.
            </summary>
            <param name="error">The <see cref="T:System.Exception"/> that occurred.</param>
            <returns>A <see cref="T:System.Threading.Tasks.Task"/> that completes when the error operation is complete.</returns>
        </member>
        <member name="E:SignalR.PersistentConnection.Receiving">
            <summary>
            Occurs when a data is received from a connection.
            </summary>
        </member>
        <member name="E:SignalR.PersistentConnection.Connected">
            <summary>
            Occurs when a new connection is established.
            </summary>
        </member>
        <member name="E:SignalR.PersistentConnection.Disconnected">
            <summary>
            Occurs when an existing connection ends.
            </summary>
        </member>
        <member name="P:SignalR.PersistentConnection.Connection">
            <summary>
            Gets the <see cref="T:SignalR.IConnection"/> for the <see cref="T:SignalR.PersistentConnection"/>.
            </summary>
        </member>
        <member name="P:SignalR.PersistentConnection.Groups">
            <summary>
            Gets the <see cref="T:SignalR.IGroupManager"/> for the <see cref="T:SignalR.PersistentConnection"/>.
            </summary>
        </member>
        <member name="M:SignalR.Hubs.HubDispatcher.#ctor(System.String)">
            <summary>
            Initializes an instance of the <see cref="T:SignalR.Hubs.HubDispatcher"/> class.
            </summary>
            <param name="url">The base url of the connection url.</param>
        </member>
        <member name="M:SignalR.Hubs.HubDispatcher.OnReceivedAsync(SignalR.Hosting.IRequest,System.String,System.String)">
            <summary>
            Processes the hub's incoming method calls.
            </summary>
        </member>
        <member name="T:SignalR.JsonNetSerializer">
            <summary>
            Default <see cref="T:SignalR.IJsonSerializer"/> implementation over Json.NET.
            </summary>
        </member>
        <member name="M:SignalR.JsonNetSerializer.#ctor">
            <summary>
            Initializes a new instance of the <see cref="T:SignalR.JsonNetSerializer"/> class.
            </summary>
        </member>
        <member name="M:SignalR.JsonNetSerializer.#ctor(Newtonsoft.Json.JsonSerializerSettings)">
            <summary>
            Initializes a new instance of the <see cref="T:SignalR.JsonNetSerializer"/> class.
            </summary>
            <param name="settings">The <see cref="T:Newtonsoft.Json.JsonSerializerSettings"/> to use when serializing and deserializing.</param>
        </member>
        <member name="M:SignalR.JsonNetSerializer.Stringify(System.Object)">
            <summary>
            Serializes the specified object to a JSON string.
            </summary>
            <param name="value">The object to serailize.</param>
            <returns>A JSON string representation of the object.</returns>
        </member>
        <member name="M:SignalR.JsonNetSerializer.Parse(System.String)">
            <summary>
            Deserializes the JSON to a .NET object.
            </summary>
            <param name="json">The JSON to deserialize.</param>
            <returns>The deserialized object from the JSON string.</returns>
        </member>
        <member name="M:SignalR.JsonNetSerializer.Parse(System.String,System.Type)">
            <summary>
            Deserializes the JSON to a .NET object.
            </summary>
            <param name="json">The JSON to deserialize.</param>
            <param name="targetType">The <see cref="T:System.Type"/> of object being deserialized.</param>
            <returns>The deserialized object from the JSON string.</returns>
        </member>
        <member name="M:SignalR.JsonNetSerializer.Parse``1(System.String)">
            <summary>
            Deserializes the JSON to a .NET object.
            </summary>
            <typeparam name="T">The <see cref="T:System.Type"/> of object being deserialized.</typeparam>
            <param name="json">The JSON to deserialize</param>
            <returns>The deserialized object from the JSON string.</returns>
        </member>
        <member name="T:SignalR.Json">
            <summary>
            Helper class for common JSON operations.
            </summary>
        </member>
        <member name="M:SignalR.Json.CamelCase(System.String)">
            <summary>
            Converts the specified name to camel case.
            </summary>
            <param name="name">The name to convert.</param>
            <returns>A camel cased version of the specified name.</returns>
        </member>
        <member name="P:SignalR.Json.MimeType">
            <summary>
            Gets a string that returns JSON mime type "application/json".
            </summary>
        </member>
        <member name="P:SignalR.Json.JsonpMimeType">
            <summary>
            Gets a string that returns JSONP mime type "text/javascript".
            </summary>
        </member>
        <member name="T:SignalR.GroupManager">
            <summary>
            The default <see cref="T:SignalR.IGroupManager"/> implementation.
            </summary>
        </member>
        <member name="M:SignalR.GroupManager.#ctor(SignalR.IConnection,System.String)">
            <summary>
            Initializes a new instance of the <see cref="T:SignalR.GroupManager"/> class.
            </summary>
            <param name="connection">The <see cref="T:SignalR.IConnection"/> this group resides on.</param>
            <param name="groupPrefix">The prefix for this group. Either a <see cref="!:IHub"/> name or <see cref="T:SignalR.PersistentConnection"/> type name.</param>
        </member>
        <member name="M:SignalR.GroupManager.Send(System.String,System.Object)">
            <summary>
            Sends a value to the specified group.
            </summary>
            <param name="groupName">The name of the group.</param>
            <param name="value">The value to send.</param>
            <returns>A task that represents when send is complete.</returns>
        </member>
        <member name="M:SignalR.GroupManager.Add(System.String,System.String)">
            <summary>
            Adds a connection to the specified group. 
            </summary>
            <param name="connectionId">The connection id to add to the group.</param>
            <param name="groupName">The name of the group</param>
            <returns>A task that represents the connection id being added to the group.</returns>
        </member>
        <member name="M:SignalR.GroupManager.Remove(System.String,System.String)">
            <summary>
            Removes a connection from the specified group.
            </summary>
            <param name="connectionId">The connection id to remove from the group.</param>
            <param name="groupName">The name of the group</param>
            <returns>A task that represents the connection id being removed from the group.</returns>
        </member>
        <member name="T:SignalR.Infrastructure.ServerCommand">
            <summary>
            A server to server command.
            </summary>
        </member>
        <member name="P:SignalR.Infrastructure.ServerCommand.ServerId">
            <summary>
            Gets or sets the id of the command where this message originated from.
            </summary>
        </member>
        <member name="P:SignalR.Infrastructure.ServerCommand.Type">
            <summary>
            Gets of sets the command type.
            </summary>
        </member>
        <member name="P:SignalR.Infrastructure.ServerCommand.Value">
            <summary>
            Gets or sets the value for this command.
            </summary>
        </member>
        <member name="T:SignalR.Infrastructure.ServerCommandHandler">
            <summary>
            Default <see cref="T:SignalR.Infrastructure.IServerCommandHandler"/> implementation.
            </summary>
        </member>
        <member name="T:SignalR.Transports.ITrackingConnection">
            <summary>
            Represents a connection that can be tracked by an <see cref="T:SignalR.Transports.ITransportHeartBeat"/>.
            </summary>
        </member>
        <member name="M:SignalR.Transports.ITrackingConnection.Disconnect">
            <summary>
            Causes the connection to disconnect.
            </summary>
        </member>
        <member name="M:SignalR.Transports.ITrackingConnection.Timeout">
            <summary>
            Causes the connection to timeout.
            </summary>
        </member>
        <member name="M:SignalR.Transports.ITrackingConnection.KeepAlive">
            <summary>
            Sends a keep alive ping over the connection.
            </summary>
        </member>
        <member name="P:SignalR.Transports.ITrackingConnection.ConnectionId">
            <summary>
            Gets the id of the connection.
            </summary>
        </member>
        <member name="P:SignalR.Transports.ITrackingConnection.IsAlive">
            <summary>
            Gets a value that represents if the connection is alive.
            </summary>
        </member>
        <member name="P:SignalR.Transports.ITrackingConnection.IsTimedOut">
            <summary>
            Gets a value that represents if the connection is timed out.
            </summary>
        </member>
        <member name="P:SignalR.Transports.ITrackingConnection.DisconnectThreshold">
            <summary>
            Gets a value indicating the amount of time to wait after the connection dies before firing the disconnecting the connection.
            </summary>
        </member>
        <member name="T:SignalR.Transports.ITransport">
            <summary>
            Represents a transport that communicates
            </summary>
        </member>
        <member name="M:SignalR.Transports.ITransport.ProcessRequest(SignalR.ITransportConnection)">
            <summary>
            Processes the specified <see cref="T:SignalR.ITransportConnection"/> for this transport.
            </summary>
            <param name="connection">The <see cref="T:SignalR.ITransportConnection"/> to process.</param>
            <returns>A <see cref="T:System.Threading.Tasks.Task"/> that completes when the transport has finished processing the connection.</returns>
        </member>
        <member name="M:SignalR.Transports.ITransport.Send(System.Object)">
            <summary>
            Sends data over the transport.
            </summary>
            <param name="value">The value to be sent.</param>
            <returns>A <see cref="T:System.Threading.Tasks.Task"/> that completes when the send is complete.</returns>
        </member>
        <member name="P:SignalR.Transports.ITransport.Received">
            <summary>
            Gets or sets a callback that is invoked when the transport receives data.
            </summary>
        </member>
        <member name="P:SignalR.Transports.ITransport.Connected">
            <summary>
            Gets or sets a callback that is invoked when the initial connection connects to the transport.
            </summary>
        </member>
        <member name="P:SignalR.Transports.ITransport.TransportConnected">
            <summary>
            Gets or sets a callback that is invoked when the transport connects.
            </summary>
        </member>
        <member name="P:SignalR.Transports.ITransport.Reconnected">
            <summary>
            Gets or sets a callback that is invoked when the transport reconnects.
            </summary>
        </member>
        <member name="P:SignalR.Transports.ITransport.Disconnected">
            <summary>
            Gets or sets a callback that is invoked when the transport disconnects.
            </summary>
        </member>
        <member name="P:SignalR.Transports.ITransport.Error">
            <summary>
            Gets or sets a callback that is invoked when the transport throws an error.
            </summary>
        </member>
        <member name="P:SignalR.Transports.ITransport.ConnectionId">
            <summary>
            Gets the connection id for the transport.
            </summary>
        </member>
        <member name="P:SignalR.Transports.ITransport.Groups">
            <summary>
            Gets the groups the connection is a member of.
            </summary>
        </member>
        <member name="T:SignalR.Transports.ITransportHeartBeat">
            <summary>
            Manages tracking the state of connections.
            </summary>
        </member>
        <member name="M:SignalR.Transports.ITransportHeartBeat.AddConnection(SignalR.Transports.ITrackingConnection)">
            <summary>
            Adds a new connection to the list of tracked connections.
            </summary>
            <param name="connection">The connection to be added.</param>
        </member>
        <member name="M:SignalR.Transports.ITransportHeartBeat.UpdateConnection(SignalR.Transports.ITrackingConnection)">
            <summary>
            Updates an existing connection and it's metadata.
            </summary>
            <param name="connection">The connection to be updated.</param>
        </member>
        <member name="M:SignalR.Transports.ITransportHeartBeat.MarkConnection(SignalR.Transports.ITrackingConnection)">
            <summary>
            Marks an existing connection as active.
            </summary>
            <param name="connection">The connection to mark.</param>
        </member>
        <member name="M:SignalR.Transports.ITransportHeartBeat.RemoveConnection(SignalR.Transports.ITrackingConnection)">
            <summary>
            Removes a connection from the list of tracked connections.
            </summary>
            <param name="connection">The connection to remove.</param>
        </member>
        <member name="T:SignalR.Transports.ITransportManager">
            <summary>
            Manages the transports for connections.
            </summary>
        </member>
        <member name="M:SignalR.Transports.ITransportManager.GetTransport(SignalR.Hosting.HostContext)">
            <summary>
            Gets the specified transport for the specified <see cref="T:SignalR.Hosting.HostContext"/>.
            </summary>
            <param name="hostContext">The <see cref="T:SignalR.Hosting.HostContext"/> for the current request.</param>
            <returns>The <see cref="T:SignalR.Transports.ITransport"/> for the specified <see cref="T:SignalR.Hosting.HostContext"/>.</returns>
        </member>
        <member name="M:SignalR.Transports.ITransportManager.SupportsTransport(System.String)">
            <summary>
            Determines whether the specified transport is supported.
            </summary>
            <param name="transportName">The name of the transport to test.</param>
            <returns>True if the transport is supported, otherwise False.</returns>
        </member>
        <member name="T:SignalR.Transports.ConnectionReference">
            <summary>
            Represents a connection where we only have the id
            </summary>
        </member>
        <member name="T:SignalR.Transports.TransportHeartBeat">
            <summary>
            Default implementation of <see cref="T:SignalR.Transports.ITransportHeartBeat"/>.
            </summary>
        </member>
        <member name="M:SignalR.Transports.TransportHeartBeat.#ctor(SignalR.IDependencyResolver)">
            <summary>
            Initializes and instance of the <see cref="T:SignalR.Transports.TransportHeartBeat"/> class.
            </summary>
            <param name="resolver">The <see cref="T:SignalR.IDependencyResolver"/>.</param>
        </member>
        <member name="M:SignalR.Transports.TransportHeartBeat.AddConnection(SignalR.Transports.ITrackingConnection)">
            <summary>
            Adds a new connection to the list of tracked connections.
            </summary>
            <param name="connection">The connection to be added.</param>
        </member>
        <member name="M:SignalR.Transports.TransportHeartBeat.RemoveConnection(SignalR.Transports.ITrackingConnection)">
            <summary>
            Removes a connection from the list of tracked connections.
            </summary>
            <param name="connection">The connection to remove.</param>
        </member>
        <member name="M:SignalR.Transports.TransportHeartBeat.UpdateConnection(SignalR.Transports.ITrackingConnection)">
            <summary>
            Updates an existing connection and it's metadata.
            </summary>
            <param name="connection">The connection to be updated.</param>
        </member>
        <member name="M:SignalR.Transports.TransportHeartBeat.MarkConnection(SignalR.Transports.ITrackingConnection)">
            <summary>
            Marks an existing connection as active.
            </summary>
            <param name="connection">The connection to mark.</param>
        </member>
        <member name="P:SignalR.Transports.LongPollingTransport.LongPollDelay">
            <summary>
            The number of milliseconds to tell the browser to wait before restablishing a
            long poll connection after data is sent from the server. Defaults to 0.
            </summary>
        </member>
        <member name="T:SignalR.PersistentResponse">
            <summary>
            Represents a response to a connection.
            </summary>
        </member>
        <member name="P:SignalR.PersistentResponse.MessageId">
            <summary>
            The id of the last message in the connection received.
            </summary>
        </member>
        <member name="P:SignalR.PersistentResponse.Messages">
            <summary>
            The list of messages to be sent to the receiving connection.
            </summary>
        </member>
        <member name="P:SignalR.PersistentResponse.Disconnect">
            <summary>
            True if the connection receives a disconnect command.
            </summary>
        </member>
        <member name="P:SignalR.PersistentResponse.Aborted">
            <summary>
            True if the connection was forcibly closed. 
            </summary>
        </member>
        <member name="P:SignalR.PersistentResponse.TimedOut">
            <summary>
            True if the connection timed out.
            </summary>
        </member>
        <member name="P:SignalR.PersistentResponse.TransportData">
            <summary>
            Transport specific configurtion information.
            </summary>
        </member>
        <member name="M:SignalR.TaskAsyncHelper.Interleave``1(System.Func{``0,System.Action,System.Threading.Tasks.Task},System.Func{System.Threading.Tasks.Task},``0)">
            <summary>
            Passes a task returning function into another task returning function so that
            it can decide when it starts and returns a task that completes when all are finished
            </summary>
        </member>
        <member name="T:SignalR.Hubs.TrackingDictionary">
            <summary>
            A change tracking dictionary.
            </summary>
        </member>
        <member name="T:SignalR.IConnection">
            <summary>
            A communication channel for a <see cref="T:SignalR.PersistentConnection"/> and its connections.
            </summary>
        </member>
        <member name="M:SignalR.IConnection.Send(System.String,System.Object)">
            <summary>
            Sends a message to all connections waiting for the specified signal. An example of signal may be a
            specific connection id, or fully qualified group name (Use <see cref="T:SignalR.IGroupManager"/> to manipulate groups).
            </summary>
            <param name="signal">The signal to broacast to</param>
            <param name="value">The value to broadcast.</param>
            <returns>A task that represents when the broadcast is complete.</returns>
        </member>
        <member name="M:SignalR.IConnection.Broadcast(System.Object)">
            <summary>
            Broadcasts a value to all connections.
            </summary>
            <param name="value">The value to broadcast.</param>
            <returns>A task that represents when the broadcast is complete.</returns>
        </member>
        <member name="T:SignalR.Transports.TransportManager">
            <summary>
            The default <see cref="T:SignalR.Transports.ITransportManager"/> implementation.
            </summary>
        </member>
        <member name="M:SignalR.Transports.TransportManager.#ctor(SignalR.IDependencyResolver)">
            <summary>
            Initializes a new instance of <see cref="T:SignalR.Transports.TransportManager"/> class.
            </summary>
            <param name="resolver">The default <see cref="T:SignalR.IDependencyResolver"/>.</param>
        </member>
        <member name="M:SignalR.Transports.TransportManager.Register(System.String,System.Func{SignalR.Hosting.HostContext,SignalR.Transports.ITransport})">
            <summary>
            Adds a new transport to the list of supported transports.
            </summary>
            <param name="transportName">The specified transport.</param>
            <param name="transportFactory">The factory method for the specified transport.</param>
        </member>
        <member name="M:SignalR.Transports.TransportManager.Remove(System.String)">
            <summary>
            Removes a transport from the list of supported transports.
            </summary>
            <param name="transportName">The specified transport.</param>
        </member>
        <member name="M:SignalR.Transports.TransportManager.GetTransport(SignalR.Hosting.HostContext)">
            <summary>
            Gets the specified transport for the specified <see cref="T:SignalR.Hosting.HostContext"/>.
            </summary>
            <param name="hostContext">The <see cref="T:SignalR.Hosting.HostContext"/> for the current request.</param>
            <returns>The <see cref="T:SignalR.Transports.ITransport"/> for the specified <see cref="T:SignalR.Hosting.HostContext"/>.</returns>
        </member>
        <member name="M:SignalR.Transports.TransportManager.SupportsTransport(System.String)">
            <summary>
            Determines whether the specified transport is supported.
            </summary>
            <param name="transportName">The name of the transport to test.</param>
            <returns>True if the transport is supported, otherwise False.</returns>
        </member>
    </members>
</doc>
