<content xml:space="preserve">
	<!-- Translations provided by Michael Buchner -->

	<!-- main window stuff -->
	<item id="productTitle">.NET Framework Developer's Guide</item>

	<!-- body -->

	<!-- section titles -->
	<item id="title_inThisSection">In diesem Abschnitt</item>
	<item id="title_buildInstructions">Code-Kompilierung</item>
	<item id="title_nextSteps">Nächste Schritte</item>
	<item id="title_requirements">Voraussetzungen</item>
	<item id="title_relatedSections">Verwandte Abschnitte</item>
	<item id="title_relatedTopics">Siehe auch</item>
	<item id="title_syntax">Syntax</item>
	<item id="title_parameters">Parameter</item>
	<item id="title_returnValue">Rückgabewert</item>
  <item id="title_attributesAndElements">Attribute und Elemente</item>
	<item id="title_attributes">Attribute</item>
	<item id="title_childElement">Kindelemente</item>
	<item id="title_parentElement">Elternelemente</item>
	<item id="title_elementInformation">Elementinformation</item>
  <item id="title_textValue">Textwert</item>
  <item id="title_dotNetFrameworkEquivalent">.NET Framework Equivalent</item>
  <item id="title_prerequisites">Voraussetzungen</item>
  <item id="title_robustProgramming">Robuste Programmierung</item>
	<item id="title_securitySection">Sicherheit</item>
	<item id="title_externalResources">Externe Ressourcen</item>
	<item id="title_demonstrates">Zeigt</item>
  <item id="title_appliesTo">Trifft zu auf</item>
	<item id="title_conclusion">Schlussfolgerung</item>
  <item id="title_background">Hintergrund</item>
	<item id="title_whatsNew">Was ist neu</item>
  <item id="title_reference">Referenz</item>
  <item id="title_errorMessage">Fehlermeldung</item>
  <item id="title_example">Beispiel</item>

  <!-- autoOutline boilerplate -->
  <item id="boilerplate_autoOutlineTopLevelIntro">Dieses Thema enthält die folgenden Abschnitte:</item>
	<item id="boilerplate_autoOutlineSubsectionIntro">Dieser Abschnitt enthält die folgenden Unterabschnitte:</item>

  <!-- resolve the autoOutline token -->
  <item id="autoOutline">
    <autoOutline/>
  </item>

  <!-- Copyright notice. {0} = Copyright text, {1} = Year(s), {2} = Holder(s) -->
  <item id="boilerplate_copyrightNotice"><p>{0} &#169;{1}{2}. Alle Rechte vorbehalten.</p></item>

  <!-- Glossary related entries -->
  <item id="text_relatedEntries">Verwandte Themen:</item>

	<!-- Legacy content -->

	<!-- values for MSHelp:Attr Name="TopicType" -->
  <item id="meta_mshelp_topicType_developerConceptualDocument">kbArticle</item>
  <item id="meta_mshelp_topicType_developerErrorMessageDocument">kbRef</item>
  <item id="meta_mshelp_topicType_developerGlossaryDocument">kbRef</item>
  <item id="meta_mshelp_topicType_developerHowToDocument">kbHowTo</item>
  <item id="meta_mshelp_topicType_developerOrientationDocument">kbOrient</item>
  <item id="meta_mshelp_topicType_developerReferenceWithSyntaxDocument">kbSyntax</item>
  <item id="meta_mshelp_topicType_developerReferenceWithoutSyntaxDocument">kbRef</item>
  <item id="meta_mshelp_topicType_developerSampleDocument">kbSampleProd</item>
  <item id="meta_mshelp_topicType_developerSDKTechnologyOverviewArchitectureDocument">kbArticle</item>
  <item id="meta_mshelp_topicType_developerSDKTechnologyOverviewCodeDirectoryDocument">kbOrient</item>
  <item id="meta_mshelp_topicType_developerSDKTechnologyOverviewOrientationDocument">kbOrient</item>
  <item id="meta_mshelp_topicType_developerSDKTechnologyOverviewScenariosDocument">kbHowTo</item>
  <item id="meta_mshelp_topicType_developerSDKTechnologyOverviewTechnologySummaryDocument">kbRef</item>
  <item id="meta_mshelp_topicType_developerTroubleshootingDocument">kbHowTo</item>
  <item id="meta_mshelp_topicType_developerUIReferenceDocument">kbRef</item>
  <item id="meta_mshelp_topicType_developerWalkthroughDocument">kbHowTo</item>
  <item id="meta_mshelp_topicType_developerWhitePaperDocument">kbArticle</item>
  <item id="meta_mshelp_topicType_developerXmlReference">kbSyntax</item>
  <item id="meta_mshelp_topicType_ManagedReference">apiref</item>

</content>
